{"cameraMode":{"drawMode":0,"name":"Shaded","section":"Shading Mode"},"sceneLighting":true,"audioPlay":false,"sceneViewState":{"showFog":true,"showMaterialUpdate":false,"showSkybox":true,"showFlares":true,"showImageEffects":true,"showParticleSystems":true},"in2DMode":false,"pivot":{"x":-13.075512886047364,"y":-0.33525022864341738,"z":15.201993942260743},"rotation":{"x":-0.04101720452308655,"y":0.34969377517700198,"z":-0.015351607464253903,"w":-0.9358593225479126},"size":10.920249938964844,"orthographic":false}