{"cameraMode":{"drawMode":0,"name":"Shaded","section":"Shading Mode"},"sceneLighting":true,"audioPlay":false,"sceneViewState":{"showFog":true,"showMaterialUpdate":false,"showSkybox":true,"showFlares":true,"showImageEffects":true,"showParticleSystems":true},"in2DMode":false,"pivot":{"x":22.833961486816408,"y":55.441463470458987,"z":575.8151245117188},"rotation":{"x":-0.34309396147727969,"y":0.10480903089046478,"z":-0.03854569047689438,"w":-0.9326645135879517},"size":30.653865814208986,"orthographic":false}