{"cameraMode":{"drawMode":0,"name":"Shaded","section":"Shading Mode"},"sceneLighting":true,"audioPlay":false,"sceneViewState":{"showFog":true,"showMaterialUpdate":false,"showSkybox":true,"showFlares":true,"showImageEffects":true,"showParticleSystems":true},"in2DMode":false,"pivot":{"x":23.625524520874025,"y":2.2943460941314699,"z":15.911820411682129},"rotation":{"x":-0.03220957890152931,"y":0.6712918877601624,"z":0.02921619825065136,"w":0.7399343848228455},"size":0.1231914684176445,"orthographic":false}