{"cameraMode":{"drawMode":0,"name":"Shaded","section":"Shading Mode"},"sceneLighting":true,"audioPlay":false,"sceneViewState":{"showFog":true,"showMaterialUpdate":false,"showSkybox":true,"showFlares":true,"showImageEffects":true,"showParticleSystems":true},"in2DMode":false,"pivot":{"x":19.065288543701173,"y":5.018749237060547,"z":7.488851547241211},"rotation":{"x":-0.03007027879357338,"y":-0.9012264609336853,"z":-0.0633622407913208,"w":0.4277012348175049},"size":10.0,"orthographic":false}