{"cameraMode":{"drawMode":0,"name":"Shaded","section":"Shading Mode"},"sceneLighting":true,"audioPlay":false,"sceneViewState":{"showFog":true,"showMaterialUpdate":false,"showSkybox":true,"showFlares":true,"showImageEffects":true,"showParticleSystems":true},"in2DMode":false,"pivot":{"x":360.49993896484377,"y":1017.9000854492188,"z":0.0},"rotation":{"x":-0.09129033237695694,"y":0.04270915687084198,"z":-0.0039004574064165355,"w":-0.9949247241020203},"size":105.37860107421875,"orthographic":true}