{"cameraMode":{"drawMode":0,"name":"Shaded","section":"Shading Mode"},"sceneLighting":true,"audioPlay":false,"sceneViewState":{"showFog":true,"showMaterialUpdate":false,"showSkybox":true,"showFlares":true,"showImageEffects":true,"showParticleSystems":true},"in2DMode":false,"pivot":{"x":135.6655731201172,"y":941.9144287109375,"z":86.21063232421875},"rotation":{"x":-0.09129033237695694,"y":0.04270915687084198,"z":-0.0039004574064165355,"w":-0.9949247241020203},"size":540.2977905273438,"orthographic":true}