{"cameraMode":{"drawMode":0,"name":"Shaded","section":"Shading Mode"},"sceneLighting":true,"audioPlay":false,"sceneViewState":{"showFog":true,"showMaterialUpdate":false,"showSkybox":true,"showFlares":true,"showImageEffects":true,"showParticleSystems":true},"in2DMode":false,"pivot":{"x":25.53952980041504,"y":9.64127254486084,"z":43.413509368896487},"rotation":{"x":0.03013947792351246,"y":-0.5846259593963623,"z":-0.021775927394628526,"w":-0.8104774355888367},"size":8.651067733764649,"orthographic":false}