{"cameraMode":{"drawMode":0,"name":"Shaded","section":"Shading Mode"},"sceneLighting":true,"audioPlay":false,"sceneViewState":{"showFog":true,"showMaterialUpdate":false,"showSkybox":true,"showFlares":true,"showImageEffects":true,"showParticleSystems":true},"in2DMode":false,"pivot":{"x":-673.9207153320313,"y":641.3600463867188,"z":5.454780578613281},"rotation":{"x":-0.16438782215118409,"y":-0.8002609610557556,"z":0.25415298342704775,"w":-0.5176991820335388},"size":81.75406646728516,"orthographic":false}